"","player","games_played","minutes_per_game","year","total_minutes","sum(total_minutes)","min_percentage"
"1","Gene Banks",27,34.6,"1981",934.2,6077.6,0.77
"2","Vince Taylor",30,34.3,"1981",1029,6077.6,0.85
"3","Kenny Dennard",30,33.1,"1981",993,6077.6,0.82
"4","Tom Emma",30,32.8,"1981",984,6077.6,0.81
"5","Chip Engelland",30,19.5,"1981",585,6077.6,0.48
"6","Mike Tissaw",30,24.3,"1981",729,6077.6,0.6
"7","Allen Williams",23,11,"1981",253,6077.6,0.21
"8","Larry Linney",26,9.5,"1981",247,6077.6,0.2
"9","Jim Suddath",24,9.2,"1981",220.8,6077.6,0.18
"10","Doug McNeely",16,4.5,"1981",72,6077.6,0.06
"11","Mac Dyke",3,1.3,"1981",3.9,6077.6,0
"12","Jon Weingart",6,1.7,"1981",10.2,6077.6,0.01
"13","Gordon Whitted",11,1.5,"1981",16.5,6077.6,0.01
"14","Vince Taylor",27,38.4,"1982",1036.8,5552.2,0.93
"15","Chip Engelland",27,37.3,"1982",1007.1,5552.2,0.91
"16","Tom Emma",26,34.6,"1982",899.6,5552.2,0.81
"17","Doug McNeely",25,22.7,"1982",567.5,5552.2,0.51
"18","Dan Meagher",26,17,"1982",442,5552.2,0.4
"19","Allen Williams",18,14.2,"1982",255.6,5552.2,0.23
"20","Greg Wendt",23,12.2,"1982",280.6,5552.2,0.25
"21","Todd Anderson",20,14.9,"1982",298,5552.2,0.27
"22","Mike Tissaw",26,23.5,"1982",611,5552.2,0.55
"23","Jay Bryan",21,7,"1982",147,5552.2,0.13
"24","Ned Franke",3,1,"1982",3,5552.2,0
"25","Richard Ford",4,1,"1982",4,5552.2,0
"26","Johnny Dawkins",28,35.8,"1983",1002.4,5599.1,0.9
"27","Mark Alarie",28,28,"1983",784,5599.1,0.7
"28","Chip Engelland",24,21.5,"1983",516,5599.1,0.46
"29","Dave Henderson",28,24.9,"1983",697.2,5599.1,0.62
"30","Jay Bilas",28,23,"1983",644,5599.1,0.58
"31","Tom Emma",28,27.4,"1983",767.2,5599.1,0.69
"32","Dan Meagher",28,14,"1983",392,5599.1,0.35
"33","Bill Jackman",27,10.6,"1983",286.2,5599.1,0.26
"34","Todd Anderson",22,10.5,"1983",231,5599.1,0.21
"35","Doug McNeely",10,7.5,"1983",75,5599.1,0.07
"36","Weldon Williams",13,3.1,"1983",40.3,5599.1,0.04
"37","Jay Bryan",8,3.4,"1983",27.2,5599.1,0.02
"38","Greg Wendt",21,4.1,"1983",86.1,5599.1,0.08
"39","Richard Ford",5,1,"1983",5,5599.1,0
"40","Mike Tissaw",13,3.5,"1983",45.5,5599.1,0.04
"41","Johnny Dawkins",34,38.4,"1984",1305.6,6921.4,0.94
"42","Mark Alarie",34,33.2,"1984",1128.8,6921.4,0.82
"43","Dave Henderson",33,26.6,"1984",877.8,6921.4,0.63
"44","Jay Bilas",34,22.4,"1984",761.6,6921.4,0.55
"45","Dan Meagher",34,27.7,"1984",941.8,6921.4,0.68
"46","Tommy Amaker",34,36.3,"1984",1234.2,6921.4,0.89
"47","Doug McNeely",34,11.4,"1984",387.6,6921.4,0.28
"48","Martin Nessley",22,6.7,"1984",147.4,6921.4,0.11
"49","Jay Bryan",9,2.9,"1984",26.1,6921.4,0.02
"50","Todd Anderson",18,3.7,"1984",66.6,6921.4,0.05
"51","Richard Ford",12,2.5,"1984",30,6921.4,0.02
"52","Vince Crump",7,1.7,"1984",11.9,6921.4,0.01
"53","Weldon Williams",2,1,"1984",2,6921.4,0
"54","Johnny Dawkins",31,36,"1985",1116,6272.5,0.89
"55","Mark Alarie",31,30.2,"1985",936.2,6272.5,0.75
"56","Dave Henderson",28,23.6,"1985",660.8,6272.5,0.53
"57","Jay Bilas",31,24.6,"1985",762.6,6272.5,0.61
"58","Tommy Amaker",31,33.8,"1985",1047.8,6272.5,0.84
"59","Dan Meagher",30,26.9,"1985",807,6272.5,0.64
"60","Kevin Strickland",27,9.3,"1985",251.1,6272.5,0.2
"61","Weldon Williams",27,5.1,"1985",137.7,6272.5,0.11
"62","Billy King",31,10.5,"1985",325.5,6272.5,0.26
"63","Martin Nessley",17,5.9,"1985",100.3,6272.5,0.08
"64","Todd Anderson",21,3.9,"1985",81.9,6272.5,0.07
"65","Jay Bryan",19,2.4,"1985",45.6,6272.5,0.04
"66","Johnny Dawkins",40,33.1,"1986",1324,8000.2,0.83
"67","Mark Alarie",40,29.8,"1986",1192,8000.2,0.74
"68","Dave Henderson",39,27.9,"1986",1088.1,8000.2,0.68
"69","Jay Bilas",34,20.4,"1986",693.6,8000.2,0.43
"70","Tommy Amaker",40,30.2,"1986",1208,8000.2,0.75
"71","Danny Ferry",40,22.8,"1986",912,8000.2,0.57
"72","Billy King",40,16.8,"1986",672,8000.2,0.42
"73","Quin Snyder",32,8.7,"1986",278.4,8000.2,0.17
"74","Kevin Strickland",32,7.6,"1986",243.2,8000.2,0.15
"75","John Smith",18,5.1,"1986",91.8,8000.2,0.06
"76","Martin Nessley",20,5.4,"1986",108,8000.2,0.07
"77","Weldon Williams",31,6.1,"1986",189.1,8000.2,0.12
"78","Danny Ferry",33,33.2,"1987",1095.6,6702.3,0.82
"79","Tommy Amaker",33,35.6,"1987",1174.8,6702.3,0.88
"80","John Smith",32,22.5,"1987",720,6702.3,0.54
"81","Kevin Strickland",31,26,"1987",806,6702.3,0.6
"82","Phil Henderson",8,11.8,"1987",94.4,6702.3,0.07
"83","Billy King",29,29,"1987",841,6702.3,0.63
"84","Quin Snyder",33,24.3,"1987",801.9,6702.3,0.6
"85","Robert Brickey",33,16.2,"1987",534.6,6702.3,0.4
"86","Martin Nessley",33,11.4,"1987",376.2,6702.3,0.28
"87","Alaa Abdelnaby",29,6.6,"1987",191.4,6702.3,0.14
"88","George Burgin",12,2.3,"1987",27.6,6702.3,0.02
"89","Jon Goodman",10,2,"1987",20,6702.3,0.01
"90","Rey Essex",6,1.3,"1987",7.8,6702.3,0.01
"91","Andy Berndt",6,1.5,"1987",9,6702.3,0.01
"92","Dave Colonna",2,1,"1987",2,6702.3,0
"93","Danny Ferry",35,32.5,"1988",1137.5,7031.4,0.81
"94","Kevin Strickland",35,29.6,"1988",1036,7031.4,0.74
"95","Robert Brickey",35,23.1,"1988",808.5,7031.4,0.57
"96","Quin Snyder",35,28.7,"1988",1004.5,7031.4,0.71
"97","John Smith",34,15.7,"1988",533.8,7031.4,0.38
"98","Phil Henderson",34,16.5,"1988",561,7031.4,0.4
"99","Billy King",35,28.1,"1988",983.5,7031.4,0.7
"100","Alaa Abdelnaby",34,9.4,"1988",319.6,7031.4,0.23
"101","Greg Koubek",35,10.2,"1988",357,7031.4,0.25
"102","Clay Buckley",20,4.6,"1988",92,7031.4,0.07
"103","Joe Cook",25,6.6,"1988",165,7031.4,0.12
"104","George Burgin",11,3,"1988",33,7031.4,0.02
"105","Danny Ferry",35,33.2,"1989",1162,7198.2,0.81
"106","Phil Henderson",36,29.6,"1989",1065.6,7198.2,0.74
"107","Robert Brickey",36,25.1,"1989",903.6,7198.2,0.63
"108","Alaa Abdelnaby",33,16.1,"1989",531.3,7198.2,0.37
"109","Christian Laettner",36,16.9,"1989",608.4,7198.2,0.42
"110","Quin Snyder",36,30.4,"1989",1094.4,7198.2,0.76
"111","John Smith",36,19.9,"1989",716.4,7198.2,0.5
"112","Greg Koubek",36,14.8,"1989",532.8,7198.2,0.37
"113","Brian Davis",29,8.4,"1989",243.6,7198.2,0.17
"114","Clay Buckley",30,4.7,"1989",141,7198.2,0.1
"115","Joe Cook",5,9.6,"1989",48,7198.2,0.03
"116","Crawford Palmer",23,5.2,"1989",119.6,7198.2,0.08
"117","George Burgin",15,2.1,"1989",31.5,7198.2,0.02
"118","Phil Henderson",37,31.5,"1990",1165.5,7701.9,0.76
"119","Christian Laettner",38,29.9,"1990",1136.2,7701.9,0.74
"120","Alaa Abdelnaby",38,24.9,"1990",946.2,7701.9,0.61
"121","Robert Brickey",30,26.4,"1990",792,7701.9,0.51
"122","Bobby Hurley",38,33.4,"1990",1269.2,7701.9,0.82
"123","Bill McCaffrey",38,13.9,"1990",528.2,7701.9,0.34
"124","Greg Koubek",34,16.9,"1990",574.6,7701.9,0.37
"125","Brian Davis",37,14.4,"1990",532.8,7701.9,0.35
"126","Thomas Hill",34,12.6,"1990",428.4,7701.9,0.28
"127","Joe Cook",18,4.1,"1990",73.8,7701.9,0.05
"128","Clay Buckley",17,6.6,"1990",112.2,7701.9,0.07
"129","Crawford Palmer",21,6.8,"1990",142.8,7701.9,0.09
"130","Christian Laettner",39,30.2,"1991",1177.8,7852,0.75
"131","Bill McCaffrey",38,24.8,"1991",942.4,7852,0.6
"132","Thomas Hill",39,23.3,"1991",908.7,7852,0.58
"133","Bobby Hurley",39,34.7,"1991",1353.3,7852,0.86
"134","Grant Hill",36,24.6,"1991",885.6,7852,0.56
"135","Brian Davis",39,23.2,"1991",904.8,7852,0.58
"136","Greg Koubek",38,15.8,"1991",600.4,7852,0.38
"137","Antonio Lang",36,11.8,"1991",424.8,7852,0.27
"138","Crawford Palmer",38,10.7,"1991",406.6,7852,0.26
"139","Marty Clark",23,4.5,"1991",103.5,7852,0.07
"140","Christian Ast",17,3,"1991",51,7852,0.03
"141","Clay Buckley",19,4.9,"1991",93.1,7852,0.06
"142","Christian Laettner",35,32.2,"1992",1127,7245.8,0.78
"143","Thomas Hill",36,30.6,"1992",1101.6,7245.8,0.76
"144","Grant Hill",33,30.3,"1992",999.9,7245.8,0.69
"145","Bobby Hurley",31,33.6,"1992",1041.6,7245.8,0.72
"146","Brian Davis",36,30.9,"1992",1112.4,7245.8,0.77
"147","Antonio Lang",34,22.4,"1992",761.6,7245.8,0.53
"148","Cherokee Parks",34,12.8,"1992",435.2,7245.8,0.3
"149","Marty Clark",34,7.9,"1992",268.6,7245.8,0.19
"150","Erik Meek",25,5.7,"1992",142.5,7245.8,0.1
"151","Kenny Blakeney",29,6,"1992",174,7245.8,0.12
"152","Christian Ast",14,3.1,"1992",43.4,7245.8,0.03
"153","Ron Burt",19,2,"1992",38,7245.8,0.03
"154","Grant Hill",26,31.6,"1993",821.6,6455.7,0.64
"155","Bobby Hurley",32,35.6,"1993",1139.2,6455.7,0.88
"156","Thomas Hill",32,31.9,"1993",1020.8,6455.7,0.79
"157","Cherokee Parks",32,28.1,"1993",899.2,6455.7,0.7
"158","Marty Clark",32,18.8,"1993",601.6,6455.7,0.47
"159","Antonio Lang",31,26.1,"1993",809.1,6455.7,0.63
"160","Chris Collins",29,12.7,"1993",368.3,6455.7,0.29
"161","Erik Meek",32,11.6,"1993",371.2,6455.7,0.29
"162","Kenny Blakeney",30,10.2,"1993",306,6455.7,0.24
"163","Tony Moore",12,6.4,"1993",76.8,6455.7,0.06
"164","Kenny Brown",15,2.1,"1993",31.5,6455.7,0.02
"165","Stan Brunson",8,1.3,"1993",10.4,6455.7,0.01
"166","Grant Hill",34,35.7,"1994",1213.8,6800.1,0.89
"167","Cherokee Parks",34,30.5,"1994",1037,6800.1,0.76
"168","Antonio Lang",34,30.1,"1994",1023.4,6800.1,0.75
"169","Chris Collins",34,31.1,"1994",1057.4,6800.1,0.78
"170","Jeff Capel",34,26.4,"1994",897.6,6800.1,0.66
"171","Marty Clark",33,21.1,"1994",696.3,6800.1,0.51
"172","Erik Meek",34,13.9,"1994",472.6,6800.1,0.35
"173","Kenny Blakeney",7,14.6,"1994",102.2,6800.1,0.08
"174","Carmen Wallace",17,2.4,"1994",40.8,6800.1,0.03
"175","Joey Beard",16,4.3,"1994",68.8,6800.1,0.05
"176","Tony Moore",18,3.8,"1994",68.4,6800.1,0.05
"177","Greg Newton",21,5.5,"1994",115.5,6800.1,0.08
"178","Stan Brunson",7,0.9,"1994",6.3,6800.1,0
"179","Cherokee Parks",31,35.2,"1995",1091.2,6301.9,0.87
"180","Jeff Capel",31,29.4,"1995",911.4,6301.9,0.72
"181","Trajan Langdon",31,25.7,"1995",796.7,6301.9,0.63
"182","Erik Meek",31,28.7,"1995",889.7,6301.9,0.71
"183","Ricky Price",27,24,"1995",648,6301.9,0.51
"184","Kenny Blakeney",27,17.9,"1995",483.3,6301.9,0.38
"185","Greg Newton",25,11.4,"1995",285,6301.9,0.23
"186","Steve Wojciechowski",28,19.3,"1995",540.4,6301.9,0.43
"187","Chris Collins",28,16.1,"1995",450.8,6301.9,0.36
"188","Tony Moore",19,7.3,"1995",138.7,6301.9,0.11
"189","Carmen Wallace",13,4.9,"1995",63.7,6301.9,0.05
"190","Todd Singleton",2,1.5,"1995",3,6301.9,0
"191","Jeff Capel",31,35,"1996",1085,6250.5,0.87
"192","Chris Collins",29,34.6,"1996",1003.4,6250.5,0.8
"193","Ricky Price",31,31.9,"1996",988.9,6250.5,0.79
"194","Greg Newton",31,29.6,"1996",917.6,6250.5,0.73
"195","Taymon Domzalski",31,20.5,"1996",635.5,6250.5,0.51
"196","Carmen Wallace",22,20.7,"1996",455.4,6250.5,0.36
"197","Tony Moore",7,24.6,"1996",172.2,6250.5,0.14
"198","Steve Wojciechowski",31,21.8,"1996",675.8,6250.5,0.54
"199","Matt Christensen",13,5.4,"1996",70.2,6250.5,0.06
"200","Baker Perry",5,0.8,"1996",4,6250.5,0
"201","Todd Singleton",13,1.8,"1996",23.4,6250.5,0.02
"202","Stan Brunson",21,9.1,"1996",191.1,6250.5,0.15
"203","Jay Heaps",6,2.5,"1996",15,6250.5,0.01
"204","Jeremy Hall",10,1.3,"1996",13,6250.5,0.01
"205","Jay Williams",35,33.6,"2002",1176,7028.5,0.84
"206","Carlos Boozer",35,28.4,"2002",994,7028.5,0.71
"207","Mike Dunleavy",35,32.4,"2002",1134,7028.5,0.81
"208","Dahntay Jones",35,28.9,"2002",1011.5,7028.5,0.72
"209","Chris Duhon",35,35.1,"2002",1228.5,7028.5,0.87
"210","Daniel Ewing",35,18.2,"2002",637,7028.5,0.45
"211","Casey Sanders",31,7.8,"2002",241.8,7028.5,0.17
"212","Matt Christensen",23,5.8,"2002",133.4,7028.5,0.09
"213","Nick Horvath",31,8,"2002",248,7028.5,0.18
"214","Mark Causey",12,3.9,"2002",46.8,7028.5,0.03
"215","Andy Means",10,3.1,"2002",31,7028.5,0.02
"216","Andre Buckner",22,3.3,"2002",72.6,7028.5,0.05
"217","Reggie Love",16,3.7,"2002",59.2,7028.5,0.04
"218","Andy Borman",7,2.1,"2002",14.7,7028.5,0.01
"219","Dahntay Jones",33,30.7,"2003",1013.1,6650.2,0.76
"220","J.J. Redick",33,30.7,"2003",1013.1,6650.2,0.76
"221","Daniel Ewing",33,27.9,"2003",920.7,6650.2,0.69
"222","Chris Duhon",33,36,"2003",1188,6650.2,0.89
"223","Shelden Williams",33,19.2,"2003",633.6,6650.2,0.48
"224","Shavlik Randolph",26,13.5,"2003",351,6650.2,0.26
"225","Casey Sanders",33,17.8,"2003",587.4,6650.2,0.44
"226","Nick Horvath",30,13.5,"2003",405,6650.2,0.3
"227","Sean Dockery",33,10.5,"2003",346.5,6650.2,0.26
"228","Michael Thompson",16,3.7,"2003",59.2,6650.2,0.04
"229","Lee Melchionni",21,3.4,"2003",71.4,6650.2,0.05
"230","Andre Buckner",19,1.9,"2003",36.1,6650.2,0.03
"231","Patrick Johnson",5,1.8,"2003",9,6650.2,0.01
"232","Andy Means",7,2.3,"2003",16.1,6650.2,0.01
"233","J.J. Redick",37,31.1,"2004",1150.7,7450.2,0.77
"234","Luol Deng",37,31.1,"2004",1150.7,7450.2,0.77
"235","Daniel Ewing",37,30.6,"2004",1132.2,7450.2,0.76
"236","Shelden Williams",37,26,"2004",962,7450.2,0.65
"237","Chris Duhon",37,35.4,"2004",1309.8,7450.2,0.88
"238","Shavlik Randolph",37,19.2,"2004",710.4,7450.2,0.48
"239","Sean Dockery",37,15.4,"2004",569.8,7450.2,0.38
"240","Michael Thompson",3,3.7,"2004",11.1,7450.2,0.01
"241","Nick Horvath",34,6.4,"2004",217.6,7450.2,0.15
"242","Lee Melchionni",27,5.4,"2004",145.8,7450.2,0.1
"243","Patrick Johnson",13,2.2,"2004",28.6,7450.2,0.02
"244","Andy Borman",16,2.1,"2004",33.6,7450.2,0.02
"245","Patrick Davidson",11,1.7,"2004",18.7,7450.2,0.01
"246","Joe Pagliuca",4,2.3,"2004",9.2,7450.2,0.01
"247","J.J. Redick",36,37.1,"2006",1335.6,7222.2,0.92
"248","Shelden Williams",36,33.3,"2006",1198.8,7222.2,0.83
"249","Josh McRoberts",36,24.5,"2006",882,7222.2,0.61
"250","Sean Dockery",36,29.7,"2006",1069.2,7222.2,0.74
"251","DeMarcus Nelson",24,21.5,"2006",516,7222.2,0.36
"252","Greg Paulus",36,32.3,"2006",1162.8,7222.2,0.81
"253","Lee Melchionni",36,19.9,"2006",716.4,7222.2,0.5
"254","Martynas Pocius",28,6.1,"2006",170.8,7222.2,0.12
"255","Jamal Boykin",26,2.7,"2006",70.2,7222.2,0.05
"256","Eric Boateng",20,2.5,"2006",50,7222.2,0.03
"257","Patrick Johnson",13,1.8,"2006",23.4,7222.2,0.02
"258","Ross Perkins",6,2,"2006",12,7222.2,0.01
"259","Jordan Davidson",10,1.1,"2006",11,7222.2,0.01
"260","Joe Pagliuca",1,4,"2006",4,7222.2,0
"261","DeMarcus Nelson",33,31.9,"2007",1052.7,6674.4,0.79
"262","Josh McRoberts",33,35.3,"2007",1164.9,6674.4,0.87
"263","Jon Scheyer",33,33.7,"2007",1112.1,6674.4,0.83
"264","Greg Paulus",33,32.4,"2007",1069.2,6674.4,0.8
"265","Gerald Henderson",32,19.3,"2007",617.6,6674.4,0.46
"266","David McClure",33,21.7,"2007",716.1,6674.4,0.54
"267","Lance Thomas",31,14.9,"2007",461.9,6674.4,0.35
"268","Brian Zoubek",32,7.3,"2007",233.6,6674.4,0.17
"269","Martynas Pocius",27,7.1,"2007",191.7,6674.4,0.14
"270","Jamal Boykin",3,10,"2007",30,6674.4,0.02
"271","Jordan Davidson",11,1.4,"2007",15.4,6674.4,0.01
"272","Steve Johnson",3,1.7,"2007",5.1,6674.4,0
"273","Joe Pagliuca",3,0.7,"2007",2.1,6674.4,0
"274","Nick Sutton",1,2,"2007",2,6674.4,0
"275","DeMarcus Nelson",34,30.9,"2008",1050.6,6820.4,0.77
"276","Kyle Singler",34,28.6,"2008",972.4,6820.4,0.71
"277","Gerald Henderson",34,26.2,"2008",890.8,6820.4,0.65
"278","Jon Scheyer",34,28.3,"2008",962.2,6820.4,0.71
"279","Greg Paulus",34,27.7,"2008",941.8,6820.4,0.69
"280","Nolan Smith",34,14.7,"2008",499.8,6820.4,0.37
"281","Taylor King",34,9.7,"2008",329.8,6820.4,0.24
"282","Lance Thomas",32,18.5,"2008",592,6820.4,0.43
"283","Martynas Pocius",4,8,"2008",32,6820.4,0.02
"284","Brian Zoubek",25,10.5,"2008",262.5,6820.4,0.19
"285","David McClure",30,8.9,"2008",267,6820.4,0.2
"286","Jordan Davidson",13,1.5,"2008",19.5,6820.4,0.01
"287","Gerald Henderson",37,29.7,"2009",1098.9,7428.2,0.74
"288","Kyle Singler",37,32.2,"2009",1191.4,7428.2,0.8
"289","Jon Scheyer",37,32.8,"2009",1213.6,7428.2,0.82
"290","Nolan Smith",34,21.6,"2009",734.4,7428.2,0.49
"291","Lance Thomas",37,18.6,"2009",688.2,7428.2,0.46
"292","Greg Paulus",36,16.1,"2009",579.6,7428.2,0.39
"293","Elliot Williams",34,16.6,"2009",564.4,7428.2,0.38
"294","Brian Zoubek",36,11.9,"2009",428.4,7428.2,0.29
"295","David McClure",36,15.8,"2009",568.8,7428.2,0.38
"296","Miles Plumlee",24,6.9,"2009",165.6,7428.2,0.11
"297","Martynas Pocius",22,6.1,"2009",134.2,7428.2,0.09
"298","Olek Czyz",13,3.9,"2009",50.7,7428.2,0.03
"299","Steve Johnson",4,2.5,"2009",10,7428.2,0.01
"300","Jon Scheyer",40,36.8,"2010",1472,8006,0.92
"301","Kyle Singler",40,35.9,"2010",1436,8006,0.9
"302","Nolan Smith",38,35.5,"2010",1349,8006,0.84
"303","Brian Zoubek",40,18.7,"2010",748,8006,0.47
"304","Miles Plumlee",40,16.4,"2010",656,8006,0.41
"305","Lance Thomas",40,25.3,"2010",1012,8006,0.63
"306","Andre Dawkins",38,12.6,"2010",478.8,8006,0.3
"307","Mason Plumlee",34,14.1,"2010",479.4,8006,0.3
"308","Olek Czyz",6,10.2,"2010",61.2,8006,0.04
"309","Ryan Kelly",35,6.5,"2010",227.5,8006,0.14
"310","Jordan Davidson",21,2.6,"2010",54.6,8006,0.03
"311","Steve Johnson",14,1.7,"2010",23.8,8006,0.01
"312","Casey Peters",7,1.1,"2010",7.7,8006,0
"313","Nolan Smith",37,34,"2011",1258,7399.3,0.85
"314","Kyrie Irving",11,27.5,"2011",302.5,7399.3,0.2
"315","Kyle Singler",37,34.8,"2011",1287.6,7399.3,0.87
"316","Seth Curry",37,25,"2011",925,7399.3,0.63
"317","Andre Dawkins",37,21,"2011",777,7399.3,0.53
"318","Mason Plumlee",37,25.9,"2011",958.3,7399.3,0.65
"319","Ryan Kelly",37,20.1,"2011",743.7,7399.3,0.5
"320","Miles Plumlee",37,16.7,"2011",617.9,7399.3,0.42
"321","Tyler Thornton",34,9.9,"2011",336.6,7399.3,0.23
"322","Josh Hairston",27,6.1,"2011",164.7,7399.3,0.11
"323","Casey Peters",10,1.7,"2011",17,7399.3,0.01
"324","Todd Zafirovski",5,2.2,"2011",11,7399.3,0.01
"325","Austin Rivers",34,33.2,"2012",1128.8,6852.9,0.82
"326","Seth Curry",34,30.2,"2012",1026.8,6852.9,0.75
"327","Ryan Kelly",31,25.9,"2012",802.9,6852.9,0.59
"328","Mason Plumlee",34,28.4,"2012",965.6,6852.9,0.7
"329","Andre Dawkins",34,22.4,"2012",761.6,6852.9,0.56
"330","Miles Plumlee",34,20.5,"2012",697,6852.9,0.51
"331","Quinn Cook",33,11.7,"2012",386.1,6852.9,0.28
"332","Tyler Thornton",34,21.1,"2012",717.4,6852.9,0.52
"333","Josh Hairston",29,8.5,"2012",246.5,6852.9,0.18
"334","Michael Gbinije",19,5.8,"2012",110.2,6852.9,0.08
"335","Todd Zafirovski",5,2,"2012",10,6852.9,0.01
"336","Seth Curry",35,32.3,"2013",1130.5,7208.9,0.78
"337","Mason Plumlee",36,34.7,"2013",1249.2,7208.9,0.87
"338","Ryan Kelly",23,28.9,"2013",664.7,7208.9,0.46
"339","Quinn Cook",36,33.6,"2013",1209.6,7208.9,0.84
"340","Rasheed Sulaimon",36,29.2,"2013",1051.2,7208.9,0.73
"341","Amile Jefferson",32,12.7,"2013",406.4,7208.9,0.28
"342","Tyler Thornton",36,22,"2013",792,7208.9,0.55
"343","Josh Hairston",35,12.7,"2013",444.5,7208.9,0.31
"344","Alex Murphy",31,6.3,"2013",195.3,7208.9,0.14
"345","Todd Zafirovski",7,2.3,"2013",16.1,7208.9,0.01
"346","Marshall Plumlee",19,2.6,"2013",49.4,7208.9,0.03
"347","Jabari Parker",35,30.7,"2014",1074.5,7024,0.76
"348","Rodney Hood",35,32.9,"2014",1151.5,7024,0.82
"349","Quinn Cook",35,29.8,"2014",1043,7024,0.74
"350","Rasheed Sulaimon",34,25.6,"2014",870.4,7024,0.62
"351","Andre Dawkins",33,13.7,"2014",452.1,7024,0.32
"352","Amile Jefferson",35,22.7,"2014",794.5,7024,0.57
"353","Tyler Thornton",35,21.3,"2014",745.5,7024,0.53
"354","Matt Jones",32,7.3,"2014",233.6,7024,0.17
"355","Semi Ojeleye",17,4.7,"2014",79.9,7024,0.06
"356","Josh Hairston",30,9.5,"2014",285,7024,0.2
"357","Marshall Plumlee",30,8.4,"2014",252,7024,0.18
"358","Alex Murphy",5,6.6,"2014",33,7024,0.02
"359","Nick Pagliuca",3,1.7,"2014",5.1,7024,0
"360","Todd Zafirovski",3,1.3,"2014",3.9,7024,0
"361","Jahlil Okafor",38,30.1,"2015",1143.8,7849,0.73
"362","Quinn Cook",39,35.8,"2015",1396.2,7849,0.89
"363","Justise Winslow",39,29.1,"2015",1134.9,7849,0.72
"364","Tyus Jones",39,33.9,"2015",1322.1,7849,0.84
"365","Rasheed Sulaimon",20,19.3,"2015",386,7849,0.25
"366","Amile Jefferson",39,21.3,"2015",830.7,7849,0.53
"367","Matt Jones",39,21.7,"2015",846.3,7849,0.54
"368","Grayson Allen",35,9.2,"2015",322,7849,0.21
"369","Semi Ojeleye",6,10.5,"2015",63,7849,0.04
"370","Marshall Plumlee",39,9.6,"2015",374.4,7849,0.24
"371","Nick Pagliuca",11,1.6,"2015",17.6,7849,0.01
"372","Sean Kelly",10,1.2,"2015",12,7849,0.01
"373","Grayson Allen",36,36.6,"2016",1317.6,7248.9,0.91
"374","Brandon Ingram",36,34.6,"2016",1245.6,7248.9,0.86
"375","Luke Kennard",36,26.7,"2016",961.2,7248.9,0.66
"376","Amile Jefferson",9,30.3,"2016",272.7,7248.9,0.19
"377","Matt Jones",35,31.8,"2016",1113,7248.9,0.77
"378","Marshall Plumlee",36,30.5,"2016",1098,7248.9,0.76
"379","Derryck Thornton",36,26,"2016",936,7248.9,0.65
"380","Chase Jeter",32,7.9,"2016",252.8,7248.9,0.17
"381","Antonio Vrankovic",5,2.8,"2016",14,7248.9,0.01
"382","Sean Obi",10,2.7,"2016",27,7248.9,0.02
"383","Brennan Besser",1,1,"2016",1,7248.9,0
"384","Nick Pagliuca",10,1,"2016",10,7248.9,0.01
"385","Luke Kennard",37,35.5,"2017",1313.5,7401.2,0.89
"386","Jayson Tatum",29,33.3,"2017",965.7,7401.2,0.65
"387","Grayson Allen",34,29.6,"2017",1006.4,7401.2,0.68
"388","Frank Jackson",36,24.9,"2017",896.4,7401.2,0.61
"389","Amile Jefferson",35,29.7,"2017",1039.5,7401.2,0.7
"390","Matt Jones",37,32.9,"2017",1217.3,7401.2,0.82
"391","Harry Giles",26,11.5,"2017",299,7401.2,0.2
"392","Chase Jeter",16,14.9,"2017",238.4,7401.2,0.16
"393","Antonio Vrankovic",13,7.8,"2017",101.4,7401.2,0.07
"394","Jack White",10,6.1,"2017",61,7401.2,0.04
"395","Javin DeLaurier",12,7.2,"2017",86.4,7401.2,0.06
"396","Marques Bolden",24,6.5,"2017",156,7401.2,0.11
"397","Justin Robinson",6,1.7,"2017",10.2,7401.2,0.01
"398","Brennan Besser",1,2,"2017",2,7401.2,0
"399","Nick Pagliuca",5,1.6,"2017",8,7401.2,0.01
"400","Marvin Bagley III",33,33.9,"2018",1118.7,7450.9,0.75
"401","Grayson Allen",37,35.6,"2018",1317.2,7450.9,0.88
"402","Gary Trent Jr.",37,33.9,"2018",1254.3,7450.9,0.84
"403","Wendell Carter Jr.",37,26.9,"2018",995.3,7450.9,0.67
"404","Trevon Duval",37,29.8,"2018",1102.6,7450.9,0.74
"405","Marques Bolden",29,12.9,"2018",374.1,7450.9,0.25
"406","Javin DeLaurier",33,12.7,"2018",419.1,7450.9,0.28
"407","Alex O'Connell",36,10.4,"2018",374.4,7450.9,0.25
"408","Jordan Tucker",2,7,"2018",14,7450.9,0.01
"409","Justin Robinson",17,4.8,"2018",81.6,7450.9,0.05
"410","Jordan Goldwire",26,6.5,"2018",169,7450.9,0.11
"411","Antonio Vrankovic",14,4.7,"2018",65.8,7450.9,0.04
"412","Mike Buckmire",4,1.3,"2018",5.2,7450.9,0
"413","Jack White",28,5.7,"2018",159.6,7450.9,0.11
"414","R.J. Barrett",38,35.3,"2019",1341.4,7628.1,0.88
"415","Zion Williamson",33,30,"2019",990,7628.1,0.65
"416","Cam Reddish",36,29.7,"2019",1069.2,7628.1,0.7
"417","Tre Jones",36,34.2,"2019",1231.2,7628.1,0.81
"418","Marques Bolden",35,19,"2019",665,7628.1,0.44
"419","Alex O'Connell",36,14,"2019",504,7628.1,0.33
"420","Jack White",35,20.5,"2019",717.5,7628.1,0.47
"421","Javin DeLaurier",38,16.3,"2019",619.4,7628.1,0.41
"422","Antonio Vrankovic",17,5.2,"2019",88.4,7628.1,0.06
"423","Justin Robinson",17,3.4,"2019",57.8,7628.1,0.04
"424","Brennan Besser",4,3,"2019",12,7628.1,0.01
"425","Jordan Goldwire",35,8.6,"2019",301,7628.1,0.2
"426","Joey Baker",4,4.5,"2019",18,7628.1,0.01
"427","Mike Buckmire",4,3.3,"2019",13.2,7628.1,0.01
